File,Whistle,maxSNR1,bins1,maxSNR2,bins2,maxSNR3,bins3
2017-11-02T135000_0004e9e500057249_2.0.wav,0,15.812351,9,7.166971,0,3.666505,0
2017-11-02T135500_0004e9e500057249_2.0.wav,0,16.443515,20,10.342899,1,4.12969,0
2017-11-02T140000_0004e9e500057249_2.0.wav,0,10.348838,2,6.399647,0,3.232528,0
2017-11-02T140500_0004e9e500057249_2.0.wav,0,13.108981,14,6.927098,0,3.915281,0
2017-11-02T141000_0004e9e500057249_2.0.wav,0,26.11364,50,16.319505,2,8.124302,0
2017-11-02T141500_0004e9e500057249_2.0.wav,0,17.02237,22,8.330104,0,4.871642,0
2017-11-02T142000_0004e9e500057249_2.0.wav,0,18.717734,31,10.995034,1,4.332972,0
2017-11-02T142500_0004e9e500057249_2.0.wav,0,14.139584,23,8.199282,0,3.863379,0
2017-11-02T143000_0004e9e500057249_2.0.wav,0,22.892072,6,12.723824,1,3.989652,0
2017-11-02T143500_0004e9e500057249_2.0.wav,0,16.938991,12,8.81908,0,3.650308,0
2017-11-02T144000_0004e9e500057249_2.0.wav,0,18.713127,29,9.630911,0,4.391031,0
2017-11-02T144500_0004e9e500057249_2.0.wav,0,15.858529,52,11.272379,1,4.564994,0
2017-11-02T145000_0004e9e500057249_2.0.wav,0,17.57287,12,9.605338,0,4.268052,0
2017-11-02T145500_0004e9e500057249_2.0.wav,0,14.297763,11,8.128561,0,4.348532,0
2017-11-02T150000_0004e9e500057249_2.0.wav,0,20.763019,21,9.51003,0,4.222894,0
2017-11-02T151500_0004e9e500057249_2.0.wav,0,20.151843,26,10.96257,1,4.557405,0
2017-11-02T152000_0004e9e500057249_2.0.wav,0,22.704579,57,9.892936,0,4.33806,0
2017-11-02T152500_0004e9e500057249_2.0.wav,0,24.812958,33,16.113322,1,4.470787,0
2017-11-02T153000_0004e9e500057249_2.0.wav,0,24.636661,28,13.196959,1,4.466532,0
2017-11-02T154000_0004e9e500057249_2.0.wav,0,25.117964,38,11.696518,2,3.7265,0
2017-11-02T155000_0004e9e500057249_2.0.wav,0,26.038655,38,10.551521,2,4.022351,0
2017-11-02T155500_0004e9e500057249_2.0.wav,0,18.938552,48,10.186111,1,6.166653,0
2017-11-02T160000_0004e9e500057249_2.0.wav,0,15.313626,21,9.603463,0,3.727204,0
2017-11-02T161500_0004e9e500057249_2.0.wav,0,16.743518,36,8.432188,0,3.477428,0
2017-11-02T162000_0004e9e500057249_2.0.wav,0,26.510287,14,10.812524,1,3.491324,0
2017-11-02T162500_0004e9e500057249_2.0.wav,0,24.371118,66,17.569763,3,5.188619,0
2017-11-02T163000_0004e9e500057249_2.0.wav,0,21.979399,62,8.801769,0,4.258043,0
2017-11-02T163500_0004e9e500057249_2.0.wav,0,18.986206,58,9.874893,0,4.31365,0
2017-11-02T164000_0004e9e500057249_2.0.wav,0,12.168854,8,6.23027,0,2.989795,0
2017-11-02T164500_0004e9e500057249_2.0.wav,0,54.025037,628,44.474385,103,14.225859,25
2017-11-02T170000_0004e9e500057249_2.0.wav,0,17.100426,74,8.576759,0,4.726755,0
2017-11-02T170500_0004e9e500057249_2.0.wav,0,18.012274,74,9.889621,0,4.618972,0
2017-11-02T171500_0004e9e500057249_2.0.wav,0,27.222542,44,13.303448,1,4.831582,0
2017-11-02T172000_0004e9e500057249_2.0.wav,0,13.228181,19,8.194757,0,4.33467,0
2017-11-02T172500_0004e9e500057249_2.0.wav,0,19.746473,33,9.675746,0,4.970942,0
2017-11-02T173000_0004e9e500057249_2.0.wav,0,19.753662,47,9.360247,0,4.436732,0
2017-11-02T173500_0004e9e500057249_2.0.wav,0,16.517874,45,10.833981,1,5.477631,0
2017-11-02T174000_0004e9e500057249_2.0.wav,0,17.893984,37,9.069924,0,3.815433,0
2017-11-02T174500_0004e9e500057249_2.0.wav,0,19.556417,27,9.548456,0,3.529318,0
2017-11-02T175000_0004e9e500057249_2.0.wav,0,18.400878,20,9.304257,0,3.629893,0
2017-11-02T175500_0004e9e500057249_2.0.wav,0,41.695167,49,26.840455,5,11.658715,4
2017-11-02T181000_0004e9e500057249_2.0.wav,0,16.425663,33,10.76933,2,3.505228,0
2017-11-02T181500_0004e9e500057249_2.0.wav,0,25.564872,90,12.08305,4,5.199545,0
2017-11-02T182000_0004e9e500057249_2.0.wav,0,16.694798,61,8.672062,0,3.585866,0
2017-11-02T183500_0004e9e500057249_2.0.wav,0,18.407148,57,8.844798,0,4.00881,0
2017-11-02T184000_0004e9e500057249_2.0.wav,0,27.227154,80,16.133939,5,4.606132,0
2017-11-02T185500_0004e9e500057249_2.0.wav,0,26.288993,143,14.695477,6,4.901391,0
2017-11-02T190000_0004e9e500057249_2.0.wav,0,32.66488,65,15.935121,7,5.03229,0
2017-11-02T190500_0004e9e500057249_2.0.wav,0,30.823681,169,14.609722,6,8.343788,0
2017-11-02T191000_0004e9e500057249_2.0.wav,0,23.628303,47,15.006918,3,3.978373,0
2017-11-02T191500_0004e9e500057249_2.0.wav,0,19.289478,46,12.02686,3,3.915941,0
2017-11-02T192000_0004e9e500057249_2.0.wav,0,14.426046,49,8.422404,0,3.712771,0
2017-11-02T192500_0004e9e500057249_2.0.wav,0,27.357174,36,15.405422,3,7.021999,0
2017-11-02T193000_0004e9e500057249_2.0.wav,0,22.166562,35,10.510341,1,3.699647,0
2017-11-02T193500_0004e9e500057249_2.0.wav,0,16.038593,46,9.613151,0,3.659208,0
2017-11-02T194000_0004e9e500057249_2.0.wav,0,17.807485,37,9.069351,0,4.272649,0
2017-11-02T201000_0004e9e500057249_2.0.wav,0,21.936601,62,9.179009,0,4.721896,0
2017-11-02T201500_0004e9e500057249_2.0.wav,0,18.952785,28,11.565115,1,4.925363,0
2017-11-02T202000_0004e9e500057249_2.0.wav,0,14.212144,14,8.170283,0,3.341272,0
2017-11-02T203000_0004e9e500057249_2.0.wav,0,22.281197,50,11.196287,2,6.79056,0
2017-11-02T203500_0004e9e500057249_2.0.wav,0,26.777019,18,12.756804,1,3.800501,0
2017-11-02T205500_0004e9e500057249_2.0.wav,0,24.691947,42,14.854766,1,6.138802,0
2017-11-02T210500_0004e9e500057249_2.0.wav,0,22.011325,45,12.487104,1,3.977139,0
2017-11-02T211000_0004e9e500057249_2.0.wav,0,22.084479,81,13.064388,3,4.397466,0
2017-11-02T211500_0004e9e500057249_2.0.wav,0,33.765442,63,15.274319,4,4.464101,0
2017-11-02T212000_0004e9e500057249_2.0.wav,0,21.491882,77,12.77198,1,4.206837,0
2017-11-02T215500_0004e9e500057249_2.0.wav,0,17.938275,35,10.113519,1,3.740191,0
2017-11-02T222500_0004e9e500057249_2.0.wav,0,19.579835,36,10.153698,1,4.888411,0
2017-11-02T224000_0004e9e500057249_2.0.wav,0,21.071049,22,10.373236,1,3.530869,0
2017-11-02T225500_0004e9e500057249_2.0.wav,0,16.360779,14,9.037192,0,3.285959,0
2017-11-02T230000_0004e9e500057249_2.0.wav,0,13.068507,9,7.613969,0,2.9097,0
2017-11-02T230500_0004e9e500057249_2.0.wav,0,18.755984,7,10.375699,1,4.333338,0
2017-11-02T231000_0004e9e500057249_2.0.wav,0,17.882957,30,9.28272,0,3.962129,0
2017-11-02T231500_0004e9e500057249_2.0.wav,0,20.229797,37,8.79856,0,4.465127,0
2017-11-02T232000_0004e9e500057249_2.0.wav,0,14.901326,12,7.949374,0,3.627025,0
2017-11-02T232500_0004e9e500057249_2.0.wav,0,20.53276,15,9.440539,0,3.423224,0
2017-11-02T233000_0004e9e500057249_2.0.wav,0,16.734324,19,8.229877,0,3.70227,0
2017-11-02T233500_0004e9e500057249_2.0.wav,0,20.078616,19,10.805644,2,3.744815,0
2017-11-02T234000_0004e9e500057249_2.0.wav,0,17.600476,15,7.603913,0,2.973945,0
2017-11-02T234500_0004e9e500057249_2.0.wav,0,15.179904,44,9.127683,0,3.90756,0
2017-11-02T235000_0004e9e500057249_2.0.wav,0,16.591121,30,8.493097,0,3.204582,0
2017-11-02T235500_0004e9e500057249_2.0.wav,0,20.194676,23,11.502933,1,3.844099,0
2017-11-03T000000_0004e9e500057249_2.0.wav,0,23.431897,32,12.240259,2,4.6316,0
2017-11-03T000500_0004e9e500057249_2.0.wav,0,15.759778,13,8.621863,0,3.228928,0
2017-11-03T001000_0004e9e500057249_2.0.wav,0,25.313333,23,14.602777,1,4.315568,0
2017-11-03T001500_0004e9e500057249_2.0.wav,0,13.165113,23,7.701488,0,3.282615,0
2017-11-03T002000_0004e9e500057249_2.0.wav,0,24.113943,23,15.917989,1,4.59119,0
2017-11-03T002500_0004e9e500057249_2.0.wav,0,22.405457,21,10.608074,1,3.760135,0
2017-11-03T003000_0004e9e500057249_2.0.wav,0,15.077519,18,6.962408,0,2.951516,0
2017-11-03T004000_0004e9e500057249_2.0.wav,0,18.940505,14,10.911117,1,3.781307,0
2017-11-03T004500_0004e9e500057249_2.0.wav,0,18.978842,13,10.088374,1,3.341223,0
2017-11-03T005000_0004e9e500057249_2.0.wav,0,18.842603,11,9.333479,0,3.476599,0
2017-11-03T005500_0004e9e500057249_2.0.wav,0,12.676553,10,6.628037,0,2.886769,0
2017-11-03T010000_0004e9e500057249_2.0.wav,0,13.961379,15,9.088758,0,3.404604,0
2017-11-03T010500_0004e9e500057249_2.0.wav,0,17.535229,13,9.688883,0,4.325364,0
2017-11-03T011000_0004e9e500057249_2.0.wav,0,15.841402,7,6.731133,0,3.177398,0
2017-11-03T011500_0004e9e500057249_2.0.wav,0,18.496124,9,10.891503,1,3.829874,0
2017-11-03T012000_0004e9e500057249_2.0.wav,0,16.87041,10,8.204909,0,3.981921,0
2017-11-03T012500_0004e9e500057249_2.0.wav,0,13.819439,15,7.647083,0,3.161323,0
2017-11-03T013000_0004e9e500057249_2.0.wav,0,16.551301,6,7.512059,0,2.973192,0
2017-11-03T013500_0004e9e500057249_2.0.wav,0,16.628194,9,7.293843,0,3.367503,0
2017-11-03T014000_0004e9e500057249_2.0.wav,0,14.488252,14,8.339873,0,3.57149,0
2017-11-03T014500_0004e9e500057249_2.0.wav,0,12.939184,13,7.89282,0,3.179304,0
2017-11-03T015000_0004e9e500057249_2.0.wav,0,15.306632,26,8.334277,0,3.993304,0
2017-11-03T015500_0004e9e500057249_2.0.wav,0,12.595064,8,6.674364,0,3.246616,0
2017-11-03T020000_0004e9e500057249_2.0.wav,0,12.85229,13,6.838659,0,3.265652,0
2017-11-03T020500_0004e9e500057249_2.0.wav,0,13.289298,9,8.43589,0,3.078129,0
2017-11-03T021000_0004e9e500057249_2.0.wav,0,14.196491,15,6.755098,0,3.277048,0
2017-11-03T021500_0004e9e500057249_2.0.wav,0,13.121937,10,8.067177,0,3.173798,0
2017-11-03T022000_0004e9e500057249_2.0.wav,0,15.306799,11,7.680856,0,3.250028,0
2017-11-03T022500_0004e9e500057249_2.0.wav,0,28.338917,18,13.152226,2,6.439533,0
2017-11-03T023000_0004e9e500057249_2.0.wav,0,12.438866,7,6.179774,0,3.14924,0
2017-11-03T024000_0004e9e500057249_2.0.wav,0,11.955693,6,6.796188,0,3.387629,0
2017-11-03T024500_0004e9e500057249_2.0.wav,0,13.345945,9,6.913598,0,3.080162,0
2017-11-03T025000_0004e9e500057249_2.0.wav,0,24.45424,7,12.019872,1,3.944734,0
2017-11-03T025500_0004e9e500057249_2.0.wav,0,15.793934,11,12.258533,1,4.574701,0
2017-11-03T030000_0004e9e500057249_2.0.wav,0,17.312177,12,8.461623,0,3.427789,0
2017-11-03T031000_0004e9e500057249_2.0.wav,0,13.070219,5,6.870374,0,3.020385,0
2017-11-03T032500_0004e9e500057249_2.0.wav,0,13.386829,11,8.106037,0,2.994099,0
2017-11-03T033000_0004e9e500057249_2.0.wav,0,15.669349,11,8.137804,0,3.890276,0
2017-11-03T033500_0004e9e500057249_2.0.wav,0,12.359047,5,7.18247,0,3.38534,0
2017-11-03T034000_0004e9e500057249_2.0.wav,0,16.103873,12,9.583137,0,3.753739,0
2017-11-03T034500_0004e9e500057249_2.0.wav,0,11.788961,12,6.64342,0,3.283185,0
2017-11-03T035000_0004e9e500057249_2.0.wav,0,11.409348,2,6.493237,0,3.183846,0
2017-11-03T035500_0004e9e500057249_2.0.wav,0,26.997196,41,10.941413,2,5.09447,0
2017-11-03T040000_0004e9e500057249_2.0.wav,0,14.12152,6,6.81738,0,3.107962,0
2017-11-03T040500_0004e9e500057249_2.0.wav,0,12.058171,10,6.603909,0,3.121409,0
2017-11-03T041000_0004e9e500057249_2.0.wav,0,17.283713,7,11.159002,1,3.458433,0
2017-11-03T041500_0004e9e500057249_2.0.wav,0,13.40745,11,6.983927,0,3.64142,0
2017-11-03T042000_0004e9e500057249_2.0.wav,0,13.804465,8,7.495642,0,2.933789,0
2017-11-03T042500_0004e9e500057249_2.0.wav,0,12.985277,11,7.532251,0,3.191489,0
2017-11-03T043000_0004e9e500057249_2.0.wav,0,16.579488,8,7.957535,0,3.218367,0
2017-11-03T043500_0004e9e500057249_2.0.wav,0,17.65995,9,13.011651,1,4.896227,0
2017-11-03T044000_0004e9e500057249_2.0.wav,0,11.560511,8,7.067537,0,3.283434,0
2017-11-03T044500_0004e9e500057249_2.0.wav,0,13.182734,13,8.049699,0,3.622028,0
2017-11-03T045000_0004e9e500057249_2.0.wav,0,14.450904,8,6.898244,0,2.931305,0
2017-11-03T051000_0004e9e500057249_2.0.wav,0,14.992298,8,8.218755,0,3.140756,0
2017-11-03T051500_0004e9e500057249_2.0.wav,0,14.217407,10,7.607492,0,3.160194,0
2017-11-03T052000_0004e9e500057249_2.0.wav,0,12.805436,10,7.623154,0,3.808255,0
2017-11-03T052500_0004e9e500057249_2.0.wav,0,13.071577,12,8.170555,0,3.124331,0
2017-11-03T053000_0004e9e500057249_2.0.wav,0,15.95793,11,8.097757,0,3.121802,0
2017-11-03T053500_0004e9e500057249_2.0.wav,0,15.331374,15,8.308854,0,3.493067,0
2017-11-03T054000_0004e9e500057249_2.0.wav,0,13.06224,14,7.609303,0,3.512463,0
2017-11-03T054500_0004e9e500057249_2.0.wav,0,11.982135,11,8.254607,0,2.986999,0
2017-11-03T055500_0004e9e500057249_2.0.wav,0,16.385024,15,6.947125,0,3.383369,0
2017-11-03T060500_0004e9e500057249_2.0.wav,0,13.730054,19,7.127206,0,3.561173,0
2017-11-03T062000_0004e9e500057249_2.0.wav,0,14.919503,12,8.593572,0,3.64243,0
2017-11-03T062500_0004e9e500057249_2.0.wav,0,15.065622,18,8.501894,0,3.427386,0
2017-11-03T063500_0004e9e500057249_2.0.wav,0,16.226876,16,6.530293,0,3.236081,0
2017-11-03T064000_0004e9e500057249_2.0.wav,0,16.818775,14,7.931813,0,3.212918,0
2017-11-03T065000_0004e9e500057249_2.0.wav,0,15.089372,25,7.469077,0,4.515677,0
2017-11-03T070000_0004e9e500057249_2.0.wav,0,27.38577,5,16.848343,1,6.156402,0
2017-11-03T070500_0004e9e500057249_2.0.wav,0,15.610917,16,7.797708,0,3.112654,0
2017-11-03T071000_0004e9e500057249_2.0.wav,0,16.028989,12,8.836752,0,3.28586,0
2017-11-03T071500_0004e9e500057249_2.0.wav,0,13.255387,12,7.07752,0,3.417192,0
2017-11-03T072000_0004e9e500057249_2.0.wav,0,17.282877,12,10.292079,1,3.53741,0
2017-11-03T072500_0004e9e500057249_2.0.wav,0,16.716001,15,8.248491,0,3.359728,0
2017-11-03T073000_0004e9e500057249_2.0.wav,0,21.2954,13,10.799048,1,4.098692,0
2017-11-03T073500_0004e9e500057249_2.0.wav,0,16.477211,14,6.991067,0,3.166596,0
2017-11-03T074000_0004e9e500057249_2.0.wav,0,18.118588,19,12.024285,2,3.891043,0
2017-11-03T074500_0004e9e500057249_2.0.wav,0,19.539877,14,8.107128,0,3.357777,0
2017-11-03T075000_0004e9e500057249_2.0.wav,0,20.992304,15,12.706026,1,4.096391,0
2017-11-03T075500_0004e9e500057249_2.0.wav,0,13.843891,10,7.020221,0,3.220089,0
2017-11-03T080000_0004e9e500057249_2.0.wav,0,14.867477,15,7.148841,0,3.633018,0
2017-11-03T080500_0004e9e500057249_2.0.wav,0,13.373993,14,8.520801,0,3.425742,0
2017-11-03T081000_0004e9e500057249_2.0.wav,0,12.356196,6,9.839339,0,3.139672,0
2017-11-03T082500_0004e9e500057249_2.0.wav,0,18.506364,14,11.328275,1,3.618075,0
2017-11-03T083000_0004e9e500057249_2.0.wav,0,15.191176,20,7.105711,0,3.15988,0
2017-11-03T083500_0004e9e500057249_2.0.wav,0,12.135376,9,6.834669,0,3.407851,0
2017-11-03T084000_0004e9e500057249_2.0.wav,0,33.571163,13,14.420507,1,4.539574,0
2017-11-03T084500_0004e9e500057249_2.0.wav,0,13.118683,10,6.858064,0,2.970944,0
2017-11-03T085000_0004e9e500057249_2.0.wav,0,12.665518,6,7.326247,0,3.03086,0
2017-11-03T085500_0004e9e500057249_2.0.wav,0,12.928691,10,7.157784,0,2.844542,0
2017-11-03T090000_0004e9e500057249_2.0.wav,0,12.921975,16,7.168839,0,3.134366,0
2017-11-03T090500_0004e9e500057249_2.0.wav,0,25.579662,14,17.346593,1,6.207783,0
2017-11-03T091000_0004e9e500057249_2.0.wav,0,13.974383,13,8.661196,0,3.344002,0
2017-11-03T092000_0004e9e500057249_2.0.wav,0,19.467857,14,12.215061,1,3.708145,0
2017-11-03T092500_0004e9e500057249_2.0.wav,0,13.473124,14,7.505146,0,3.382273,0
2017-11-03T093000_0004e9e500057249_2.0.wav,0,16.905152,16,9.530965,0,3.110752,0
2017-11-03T093500_0004e9e500057249_2.0.wav,0,16.861334,13,8.962254,0,3.373315,0
2017-11-03T094000_0004e9e500057249_2.0.wav,0,13.177555,9,8.15116,0,3.321866,0
2017-11-03T095000_0004e9e500057249_2.0.wav,0,13.319944,17,7.994793,0,3.101757,0
2017-11-03T095500_0004e9e500057249_2.0.wav,0,18.305293,14,10.672031,1,3.594185,0
2017-11-03T100000_0004e9e500057249_2.0.wav,0,15.56213,14,6.62643,0,3.281344,0
2017-11-03T102000_0004e9e500057249_2.0.wav,0,15.502267,14,9.359881,0,3.647085,0
2017-11-03T102500_0004e9e500057249_2.0.wav,0,14.430579,9,8.905788,0,3.376478,0
2017-11-03T103000_0004e9e500057249_2.0.wav,0,17.585006,76,8.895471,0,4.556992,0
2017-11-03T103500_0004e9e500057249_2.0.wav,0,16.095012,14,7.675635,0,3.909625,0
2017-11-03T104000_0004e9e500057249_2.0.wav,0,14.59009,19,8.381227,0,3.318008,0
2017-11-03T104500_0004e9e500057249_2.0.wav,0,15.308704,16,7.42147,0,3.209035,0
2017-11-03T105500_0004e9e500057249_2.0.wav,0,13.796944,20,7.638202,0,3.343974,0
2017-11-03T110500_0004e9e500057249_2.0.wav,0,13.425577,19,8.013644,0,3.200322,0
2017-11-03T111000_0004e9e500057249_2.0.wav,0,12.979852,11,6.900222,0,3.318101,0
2017-11-03T111500_0004e9e500057249_2.0.wav,0,32.902799,15,15.189308,2,5.061428,0
2017-11-03T112500_0004e9e500057249_2.0.wav,0,14.295038,17,7.93408,0,3.234843,0
2017-11-03T113000_0004e9e500057249_2.0.wav,0,16.185768,17,11.477956,1,4.118506,0
2017-11-03T113500_0004e9e500057249_2.0.wav,0,14.048919,20,8.062465,0,3.279862,0
2017-11-03T114000_0004e9e500057249_2.0.wav,0,16.56538,15,7.518333,0,3.280888,0
2017-11-03T114500_0004e9e500057249_2.0.wav,0,16.529828,24,10.250269,1,4.116346,0
2017-11-03T115000_0004e9e500057249_2.0.wav,0,14.942385,13,7.828597,0,3.326713,0
2017-11-03T120000_0004e9e500057249_2.0.wav,0,15.319986,35,8.233221,0,3.916135,0
2017-11-03T122000_0004e9e500057249_2.0.wav,0,16.049477,15,6.770636,0,3.653389,0
2017-11-03T122500_0004e9e500057249_2.0.wav,0,16.429593,37,9.605792,0,4.84801,0
2017-11-03T123500_0004e9e500057249_2.0.wav,0,15.408532,48,10.193514,1,4.952937,0
2017-11-03T124000_0004e9e500057249_2.0.wav,0,12.669169,11,7.079934,0,3.292354,0
2017-11-03T124500_0004e9e500057249_2.0.wav,0,13.92708,20,7.428093,0,4.033961,0
2017-11-03T125000_0004e9e500057249_2.0.wav,0,27.182712,33,9.882185,0,5.216507,0
2017-11-03T125500_0004e9e500057249_2.0.wav,0,16.446855,24,6.951359,0,3.826307,0
2017-11-03T130000_0004e9e500057249_2.0.wav,0,19.386274,42,8.561134,0,4.970725,0
2017-11-03T130500_0004e9e500057249_2.0.wav,0,15.969736,25,9.387664,0,3.48024,0
2017-11-03T131000_0004e9e500057249_2.0.wav,0,17.100243,88,10.863427,2,4.396153,0
2017-11-03T131500_0004e9e500057249_2.0.wav,0,16.201678,9,8.195935,0,3.754698,0
2017-11-03T132000_0004e9e500057249_2.0.wav,0,16.928101,36,10.797148,4,6.271422,0
2017-11-03T133000_0004e9e500057249_2.0.wav,0,15.732123,23,8.591429,0,4.078562,0
2017-11-03T133500_0004e9e500057249_2.0.wav,0,15.033106,28,8.572183,0,3.948537,0
2017-11-03T134000_0004e9e500057249_2.0.wav,0,19.034863,35,11.520486,2,6.149928,0
2017-11-03T134500_0004e9e500057249_2.0.wav,0,18.117495,32,9.166172,0,5.842349,0
2017-11-03T135000_0004e9e500057249_2.0.wav,0,19.024566,37,11.256508,2,3.87292,0
2017-11-03T135500_0004e9e500057249_2.0.wav,0,15.85337,20,10.106175,1,3.384079,0
2017-11-03T140500_0004e9e500057249_2.0.wav,0,20.431148,26,12.327296,2,4.216811,0
2017-11-03T141000_0004e9e500057249_2.0.wav,0,14.798354,32,7.062827,0,4.397068,0
2017-11-03T141500_0004e9e500057249_2.0.wav,0,16.663222,31,8.62547,0,3.726664,0
2017-11-03T142000_0004e9e500057249_2.0.wav,0,16.575617,29,11.411768,1,4.722086,0
2017-11-03T142500_0004e9e500057249_2.0.wav,0,18.93462,73,10.999469,2,5.470086,0
2017-11-03T143000_0004e9e500057249_2.0.wav,0,20.504451,52,10.521698,1,4.175145,0
2017-11-03T143500_0004e9e500057249_2.0.wav,0,17.907664,57,10.214347,1,3.893821,0
2017-11-03T144500_0004e9e500057249_2.0.wav,0,19.455177,45,11.210783,1,4.01428,0
2017-11-03T150000_0004e9e500057249_2.0.wav,0,17.347696,96,9.726888,0,4.8291,0
2017-11-03T150500_0004e9e500057249_2.0.wav,0,24.725614,47,19.062035,1,5.146715,0
2017-11-03T151000_0004e9e500057249_2.0.wav,0,20.43003,34,8.148475,0,4.182738,0
2017-11-03T151500_0004e9e500057249_2.0.wav,0,18.449166,37,8.318481,0,4.579733,0
2017-11-03T152000_0004e9e500057249_2.0.wav,0,20.334359,91,13.444772,2,5.297555,0
2017-11-03T152500_0004e9e500057249_2.0.wav,0,27.218164,61,12.554093,3,4.915768,0
2017-11-03T153000_0004e9e500057249_2.0.wav,0,23.095941,39,12.679518,1,3.778866,0
2017-11-03T153500_0004e9e500057249_2.0.wav,0,22.390603,31,10.989729,2,4.586631,0
2017-11-03T154000_0004e9e500057249_2.0.wav,0,16.245288,63,10.543901,1,4.48473,0
2017-11-03T154500_0004e9e500057249_2.0.wav,0,23.258286,108,11.567109,5,6.109843,0
2017-11-03T155000_0004e9e500057249_2.0.wav,0,17.230883,30,9.552923,0,3.989532,0
2017-11-03T155500_0004e9e500057249_2.0.wav,0,23.343022,50,15.022086,2,4.829588,0
2017-11-03T160000_0004e9e500057249_2.0.wav,0,19.831477,74,12.240317,3,4.235483,0
2017-11-03T160500_0004e9e500057249_2.0.wav,0,23.259118,61,12.828723,3,4.023336,0
2017-11-03T161000_0004e9e500057249_2.0.wav,0,21.586998,85,13.725481,4,4.756734,0
2017-11-03T161500_0004e9e500057249_2.0.wav,0,28.47172,98,14.208232,6,5.068577,0
2017-11-03T162000_0004e9e500057249_2.0.wav,0,31.226862,88,16.944654,3,4.961219,0
2017-11-03T162500_0004e9e500057249_2.0.wav,0,25.058419,94,11.89428,4,6.776055,0
2017-11-03T163000_0004e9e500057249_2.0.wav,0,16.071189,84,10.654057,1,4.019454,0
2017-11-03T163500_0004e9e500057249_2.0.wav,0,31.468994,141,18.995153,6,5.789098,0
2017-11-03T164000_0004e9e500057249_2.0.wav,0,25.947263,86,11.070231,2,4.122903,0
2017-11-03T164500_0004e9e500057249_2.0.wav,0,24.477259,74,11.540664,1,3.909619,0
2017-11-03T165000_0004e9e500057249_2.0.wav,0,20.494529,43,11.833048,1,3.638463,0
2017-11-03T165500_0004e9e500057249_2.0.wav,0,19.057479,47,10.569829,2,3.795854,0
2017-11-03T170000_0004e9e500057249_2.0.wav,0,24.458247,36,10.99474,3,3.694606,0
2017-11-03T170500_0004e9e500057249_2.0.wav,0,19.045272,52,9.569935,0,5.051756,0
2017-11-03T171000_0004e9e500057249_2.0.wav,0,19.598471,55,11.458435,1,4.374393,0
2017-11-03T171500_0004e9e500057249_2.0.wav,0,29.136049,123,15.340994,5,7.498107,0
2017-11-03T172000_0004e9e500057249_2.0.wav,0,22.126371,53,12.218352,2,5.413893,0
2017-11-03T172500_0004e9e500057249_2.0.wav,0,22.330095,94,10.812407,3,4.129756,0
2017-11-03T173000_0004e9e500057249_2.0.wav,0,24.160369,112,14.043536,6,7.968186,0
2017-11-03T173500_0004e9e500057249_2.0.wav,0,21.8047,92,12.186247,4,3.961937,0
2017-11-03T174000_0004e9e500057249_2.0.wav,0,23.253975,75,13.036017,3,4.993294,0
2017-11-03T174500_0004e9e500057249_2.0.wav,0,17.196932,41,8.603692,0,4.101519,0
2017-11-03T175000_0004e9e500057249_2.0.wav,0,18.786543,52,8.688781,0,4.415651,0
2017-11-03T175500_0004e9e500057249_2.0.wav,0,16.881771,38,8.1079,0,3.235371,0
2017-11-03T180000_0004e9e500057249_2.0.wav,0,28.803085,32,17.326739,2,4.569506,0
2017-11-03T180500_0004e9e500057249_2.0.wav,0,18.394725,41,11.813038,1,3.485865,0
2017-11-03T181000_0004e9e500057249_2.0.wav,0,20.189505,50,10.475427,1,3.910974,0
2017-11-03T181500_0004e9e500057249_2.0.wav,0,25.016515,56,15.493699,2,4.522747,0
2017-11-03T182000_0004e9e500057249_2.0.wav,0,18.818128,55,11.049149,3,3.919467,0
2017-11-03T182500_0004e9e500057249_2.0.wav,0,19.044117,61,11.832753,1,4.40024,0
2017-11-03T183000_0004e9e500057249_2.0.wav,0,22.011952,43,11.271209,1,4.115785,0
2017-11-03T183500_0004e9e500057249_2.0.wav,0,15.946201,39,9.045178,0,4.171044,0
2017-11-03T184000_0004e9e500057249_2.0.wav,0,16.110065,45,9.955182,0,4.307273,0
2017-11-02T150500_0004e9e500057249_2.0.wav,1,26.181252,98,14.695199,8,8.994947,0
2017-11-02T151000_0004e9e500057249_2.0.wav,1,61.638229,38,28.069642,15,19.999541,13
2017-11-02T153500_0004e9e500057249_2.0.wav,1,33.050628,126,19.373783,18,13.052754,6
2017-11-02T154500_0004e9e500057249_2.0.wav,1,38.52702,241,17.103853,15,12.447051,6
2017-11-02T160500_0004e9e500057249_2.0.wav,1,73.047151,53,28.189096,22,18.663044,20
2017-11-02T161000_0004e9e500057249_2.0.wav,1,41.271191,116,19.359528,11,9.864693,0
2017-11-02T165000_0004e9e500057249_2.0.wav,1,32.737957,81,14.532329,7,9.81234,0
2017-11-02T171000_0004e9e500057249_2.0.wav,1,162.797564,521,74.986785,212,54.201565,193
2017-11-02T180000_0004e9e500057249_2.0.wav,1,25.761545,24,11.230432,1,5.396171,0
2017-11-02T180500_0004e9e500057249_2.0.wav,1,18.28887,83,10.334527,1,6.80769,0
2017-11-02T182500_0004e9e500057249_2.0.wav,1,18.339767,36,10.229917,1,3.652726,0
2017-11-02T183000_0004e9e500057249_2.0.wav,1,42.950606,116,24.154406,26,15.012937,17
2017-11-02T185000_0004e9e500057249_2.0.wav,1,34.35443,146,19.183789,12,10.450951,2
2017-11-02T194500_0004e9e500057249_2.0.wav,1,25.051345,45,10.294387,2,7.2523,0
2017-11-02T195000_0004e9e500057249_2.0.wav,1,183.376304,86,99.797171,21,51.780014,27
2017-11-02T195500_0004e9e500057249_2.0.wav,1,92.684786,161,44.869898,81,29.84755,81
2017-11-02T200000_0004e9e500057249_2.0.wav,1,51.094909,175,27.740396,78,20.163221,78
2017-11-02T200500_0004e9e500057249_2.0.wav,1,53.179002,84,29.76835,10,16.702513,8
2017-11-02T202500_0004e9e500057249_2.0.wav,1,256.571218,342,114.691287,147,65.975424,159
2017-11-02T204000_0004e9e500057249_2.0.wav,1,122.751839,455,70.533024,214,51.202036,198
2017-11-02T204500_0004e9e500057249_2.0.wav,1,64.605294,399,43.449031,151,26.370305,113
2017-11-02T205000_0004e9e500057249_2.0.wav,1,72.935008,98,30.840738,29,17.997209,17
2017-11-02T210000_0004e9e500057249_2.0.wav,1,109.800038,58,45.333372,6,24.334983,6
2017-11-02T212500_0004e9e500057249_2.0.wav,1,66.554162,142,30.821777,25,16.077326,10
2017-11-02T213500_0004e9e500057249_2.0.wav,1,49.845693,167,27.4138,43,15.282481,27
2017-11-02T214000_0004e9e500057249_2.0.wav,1,79.072333,172,47.728957,52,19.120284,47
2017-11-02T214500_0004e9e500057249_2.0.wav,1,268.948355,70,92.946072,6,47.227052,10
2017-11-02T215000_0004e9e500057249_2.0.wav,1,75.351864,140,38.512957,34,18.733376,34
2017-11-02T220000_0004e9e500057249_2.0.wav,1,42.236659,116,28.311173,33,19.918427,24
2017-11-02T220500_0004e9e500057249_2.0.wav,1,83.763704,239,47.862303,68,23.637499,50
2017-11-02T221000_0004e9e500057249_2.0.wav,1,66.531687,147,34.034472,52,22.938993,44
2017-11-02T221500_0004e9e500057249_2.0.wav,1,89.519954,290,59.277163,83,22.422442,55
2017-11-02T222000_0004e9e500057249_2.0.wav,1,19.095565,52,11.533906,1,4.787039,0
2017-11-02T223000_0004e9e500057249_2.0.wav,1,109.612921,252,69.625819,146,49.699578,139
2017-11-02T223500_0004e9e500057249_2.0.wav,1,392.791877,1646,125.887334,645,76.799736,609
2017-11-02T224500_0004e9e500057249_2.0.wav,1,58.706447,39,27.493045,1,8.175603,0
2017-11-02T225000_0004e9e500057249_2.0.wav,1,46.015512,77,22.813671,17,14.499003,10
2017-11-03T003500_0004e9e500057249_2.0.wav,1,15.526108,23,7.829357,0,3.598271,0
2017-11-03T023500_0004e9e500057249_2.0.wav,1,16.104037,12,9.051524,0,3.268053,0
2017-11-03T030500_0004e9e500057249_2.0.wav,1,70.03562,210,47.333421,74,28.883886,64
2017-11-03T031500_0004e9e500057249_2.0.wav,1,32.038681,40,16.399295,6,8.940463,0
2017-11-03T032000_0004e9e500057249_2.0.wav,1,14.37078,14,9.111907,0,4.550402,0
2017-11-03T045500_0004e9e500057249_2.0.wav,1,86.211406,101,47.907303,27,32.542332,23
2017-11-03T050000_0004e9e500057249_2.0.wav,1,20.357653,10,11.427513,1,5.155002,0
2017-11-03T050500_0004e9e500057249_2.0.wav,1,73.712582,50,27.508494,5,13.331174,4
2017-11-03T060000_0004e9e500057249_2.0.wav,1,38.211179,34,20.261147,8,13.220088,5
2017-11-03T061000_0004e9e500057249_2.0.wav,1,31.274512,78,18.687625,14,10.734541,4
2017-11-03T061500_0004e9e500057249_2.0.wav,1,23.000449,33,12.666474,3,9.228666,0
2017-11-03T063000_0004e9e500057249_2.0.wav,1,15.444038,19,9.182514,0,5.175828,0
2017-11-03T064500_0004e9e500057249_2.0.wav,1,37.684585,112,17.863363,23,13.183603,7
2017-11-03T065500_0004e9e500057249_2.0.wav,1,17.442242,8,7.141268,0,3.115865,0
2017-11-03T081500_0004e9e500057249_2.0.wav,1,21.07661,52,13.489852,3,7.397243,0
2017-11-03T082000_0004e9e500057249_2.0.wav,1,38.222652,245,22.405073,56,15.705722,32
2017-11-03T091500_0004e9e500057249_2.0.wav,1,22.860922,39,14.796854,2,9.058207,0
2017-11-03T094500_0004e9e500057249_2.0.wav,1,16.017712,18,8.036716,0,5.03327,0
2017-11-03T100500_0004e9e500057249_2.0.wav,1,20.13761,29,9.311369,0,4.543525,0
2017-11-03T101000_0004e9e500057249_2.0.wav,1,13.012548,12,7.625661,0,3.302366,0
2017-11-03T101500_0004e9e500057249_2.0.wav,1,43.195492,149,30.177698,39,18.553854,17
2017-11-03T105000_0004e9e500057249_2.0.wav,1,16.325292,21,8.090856,0,3.798527,0
2017-11-03T112000_0004e9e500057249_2.0.wav,1,15.138109,25,8.375172,0,3.466273,0
2017-11-03T115500_0004e9e500057249_2.0.wav,1,14.138971,10,8.833094,0,3.070507,0
2017-11-03T120500_0004e9e500057249_2.0.wav,1,46.947551,110,20.971255,11,13.287072,8
2017-11-03T121000_0004e9e500057249_2.0.wav,1,33.532175,74,15.05289,5,9.602605,0
2017-11-03T121500_0004e9e500057249_2.0.wav,1,46.551882,36,25.651639,7,17.562552,8
2017-11-03T123000_0004e9e500057249_2.0.wav,1,18.374631,103,9.000573,0,5.186396,0
2017-11-03T140000_0004e9e500057249_2.0.wav,1,17.349544,71,10.724587,1,6.440475,0
2017-11-03T145000_0004e9e500057249_2.0.wav,1,14.976995,28,8.708403,0,3.717502,0
2017-11-03T145500_0004e9e500057249_2.0.wav,1,18.501732,50,8.931307,0,4.363244,0